{"cameraMode":{"drawMode":0,"name":"Shaded","section":"Shading Mode"},"sceneLighting":true,"audioPlay":false,"sceneViewState":{"showFog":true,"showMaterialUpdate":false,"showSkybox":true,"showFlares":true,"showImageEffects":true,"showParticleSystems":true},"in2DMode":false,"pivot":{"x":473.4774475097656,"y":148.24143981933595,"z":-23.50164794921875},"rotation":{"x":-0.011366581544280053,"y":-0.04768199846148491,"z":-0.0008599657448939979,"w":0.9989244937896729},"size":379.8856506347656,"orthographic":false}