{"cameraMode":{"drawMode":0,"name":"Shaded","section":"Shading Mode"},"sceneLighting":true,"audioPlay":false,"sceneViewState":{"showFog":true,"showMaterialUpdate":false,"showSkybox":true,"showFlares":true,"showImageEffects":true,"showParticleSystems":true},"in2DMode":false,"pivot":{"x":301.5149841308594,"y":415.0160217285156,"z":-18.5792236328125},"rotation":{"x":-0.011366581544280053,"y":-0.04768199846148491,"z":-0.0008599657448939979,"w":0.9989244937896729},"size":291.0793762207031,"orthographic":false}