{"cameraMode":{"drawMode":0,"name":"Shaded","section":"Shading Mode"},"sceneLighting":true,"audioPlay":false,"sceneViewState":{"showFog":true,"showMaterialUpdate":false,"showSkybox":true,"showFlares":true,"showImageEffects":true,"showParticleSystems":true},"in2DMode":false,"pivot":{"x":-0.5325295925140381,"y":1.6398574113845826,"z":-1.1508889198303223},"rotation":{"x":-0.060405295342206958,"y":-0.688815176486969,"z":-0.05778566747903824,"w":0.7201098203659058},"size":2.918013572692871,"orthographic":false}